<?xml version="1.0"?>
<doc>
    <assembly>
        <name>WatermarkEmbed</name>
    </assembly>
    <members>
        <member name="T:WatermarkEmbed.Class1">
            <summary>
            The Class1 class provides a CLS compliant, MWArray interface to the MATLAB
            functions contained in the files:
            <newpara></newpara>
            C:\Users\msi-\Desktop\MATLAB_Stego\WatermarkEmbed.m
            </summary>
            <remarks>
            @Version 0.0
            </remarks>
        </member>
        <member name="M:WatermarkEmbed.Class1.#cctor">
            <summary internal= "true">
            The static constructor instantiates and initializes the MATLAB Runtime instance.
            </summary>
        </member>
        <member name="M:WatermarkEmbed.Class1.#ctor">
            <summary>
            Constructs a new instance of the Class1 class.
            </summary>
        </member>
        <member name="M:WatermarkEmbed.Class1.Finalize">
            <summary internal= "true">
            Class destructor called by the CLR garbage collector.
            </summary>
        </member>
        <member name="M:WatermarkEmbed.Class1.Dispose">
            <summary>
            Frees the native resources associated with this object
            </summary>
        </member>
        <member name="M:WatermarkEmbed.Class1.Dispose(System.Boolean)">
            <summary internal= "true">
            Internal dispose function
            </summary>
        </member>
        <member name="M:WatermarkEmbed.Class1.WatermarkEmbed">
             <summary>
             Provides a void output, 0-input MWArrayinterface to the WatermarkEmbed MATLAB
             function.
             </summary>
             <remarks>
             M-Documentation:
             接下来将信息嵌入在DCT矩阵中，矩阵是8*8分块的，所以只需要嵌入在最左上角四个元素中
             对于每一个块：
             </remarks>
            
        </member>
        <member name="M:WatermarkEmbed.Class1.WatermarkEmbed(MathWorks.MATLAB.NET.Arrays.MWArray)">
             <summary>
             Provides a void output, 1-input MWArrayinterface to the WatermarkEmbed MATLAB
             function.
             </summary>
             <remarks>
             M-Documentation:
             接下来将信息嵌入在DCT矩阵中，矩阵是8*8分块的，所以只需要嵌入在最左上角四个元素中
             对于每一个块：
             </remarks>
             <param name="mat_image">Input argument #1</param>
            
        </member>
        <member name="M:WatermarkEmbed.Class1.WatermarkEmbed(MathWorks.MATLAB.NET.Arrays.MWArray,MathWorks.MATLAB.NET.Arrays.MWArray)">
             <summary>
             Provides a void output, 2-input MWArrayinterface to the WatermarkEmbed MATLAB
             function.
             </summary>
             <remarks>
             M-Documentation:
             接下来将信息嵌入在DCT矩阵中，矩阵是8*8分块的，所以只需要嵌入在最左上角四个元素中
             对于每一个块：
             </remarks>
             <param name="mat_image">Input argument #1</param>
             <param name="LSB_Message">Input argument #2</param>
            
        </member>
        <member name="M:WatermarkEmbed.Class1.WatermarkEmbed(System.Int32)">
             <summary>
             Provides the standard 0-input MWArray interface to the WatermarkEmbed MATLAB
             function.
             </summary>
             <remarks>
             M-Documentation:
             接下来将信息嵌入在DCT矩阵中，矩阵是8*8分块的，所以只需要嵌入在最左上角四个元素中
             对于每一个块：
             </remarks>
             <param name="numArgsOut">The number of output arguments to return.</param>
             <returns>An Array of length "numArgsOut" containing the output
             arguments.</returns>
            
        </member>
        <member name="M:WatermarkEmbed.Class1.WatermarkEmbed(System.Int32,MathWorks.MATLAB.NET.Arrays.MWArray)">
             <summary>
             Provides the standard 1-input MWArray interface to the WatermarkEmbed MATLAB
             function.
             </summary>
             <remarks>
             M-Documentation:
             接下来将信息嵌入在DCT矩阵中，矩阵是8*8分块的，所以只需要嵌入在最左上角四个元素中
             对于每一个块：
             </remarks>
             <param name="numArgsOut">The number of output arguments to return.</param>
             <param name="mat_image">Input argument #1</param>
             <returns>An Array of length "numArgsOut" containing the output
             arguments.</returns>
            
        </member>
        <member name="M:WatermarkEmbed.Class1.WatermarkEmbed(System.Int32,MathWorks.MATLAB.NET.Arrays.MWArray,MathWorks.MATLAB.NET.Arrays.MWArray)">
             <summary>
             Provides the standard 2-input MWArray interface to the WatermarkEmbed MATLAB
             function.
             </summary>
             <remarks>
             M-Documentation:
             接下来将信息嵌入在DCT矩阵中，矩阵是8*8分块的，所以只需要嵌入在最左上角四个元素中
             对于每一个块：
             </remarks>
             <param name="numArgsOut">The number of output arguments to return.</param>
             <param name="mat_image">Input argument #1</param>
             <param name="LSB_Message">Input argument #2</param>
             <returns>An Array of length "numArgsOut" containing the output
             arguments.</returns>
            
        </member>
        <member name="M:WatermarkEmbed.Class1.WaitForFiguresToDie">
             <summary>
             This method will cause a MATLAB figure window to behave as a modal dialog box.
             The method will not return until all the figure windows associated with this
             component have been closed.
             </summary>
             <remarks>
             An application should only call this method when required to keep the
             MATLAB figure window from disappearing.  Other techniques, such as calling
             Console.ReadLine() from the application should be considered where
             possible.</remarks>
            
        </member>
    </members>
</doc>
